{"stats":{"minecraft:killed_by":{"minecraft:piglin_brute":2},"minecraft:dropped":{"minecraft:oak_pressure_plate":1,"minecraft:poisonous_potato":1,"minecraft:oak_fence":1,"minecraft:feather":7,"minecraft:wooden_axe":1,"minecraft:oak_stairs":2,"minecraft:iron_pickaxe":1,"minecraft:cobbled_deepslate":4,"minecraft:carrot":89,"minecraft:wooden_pickaxe":1},"minecraft:picked_up":{"minecraft:charcoal":1,"minecraft:crafting_table":11,"minecraft:wheat":25,"minecraft:azure_bluet":6,"minecraft:redstone_block":14,"minecraft:chicken":6,"minecraft:oak_stairs":2,"minecraft:enchanted_book":1,"minecraft:shield":1,"minecraft:iron_axe":1,"minecraft:oak_trapdoor":2,"minecraft:string":10,"minecraft:flint_and_steel":1,"minecraft:iron_leggings":1,"minecraft:iron_shovel":1,"minecraft:gold_nugget":22,"minecraft:cobbled_deepslate":24,"minecraft:smooth_stone":2,"minecraft:beef":4,"minecraft:oak_boat":3,"minecraft:iron_nugget":3,"minecraft:iron_pickaxe":1,"minecraft:minecart":2,"minecraft:sugar_cane":16,"minecraft:chest":3,"minecraft:iron_boots":1,"minecraft:furnace":5,"minecraft:egg":1,"minecraft:stick":4,"minecraft:raw_iron":107,"minecraft:composter":5,"minecraft:oak_fence":1,"minecraft:polished_blackstone_bricks":2,"minecraft:carrot":125,"minecraft:redstone":137,"minecraft:rotten_flesh":23,"minecraft:arrow":24,"minecraft:mutton":9,"minecraft:rail":40,"minecraft:white_wool":7,"minecraft:cobblestone":267,"minecraft:oxeye_daisy":2,"minecraft:feather":7,"minecraft:basalt":2,"minecraft:magma_cream":7,"minecraft:water_bucket":1,"minecraft:crimson_stem":2,"minecraft:leather":2,"minecraft:potato":113,"minecraft:tuff":2,"minecraft:oak_log":49,"minecraft:golden_boots":2,"minecraft:yellow_bed":3,"minecraft:gunpowder":4,"minecraft:lapis_lazuli":56,"minecraft:dirt":756,"minecraft:bone":13,"minecraft:apple":3,"minecraft:stone_bricks":4,"minecraft:bow":1,"minecraft:wheat_seeds":104,"minecraft:raw_gold":9,"minecraft:stone_pickaxe":1,"minecraft:iron_sword":1,"minecraft:quartz":30,"minecraft:dandelion":4,"minecraft:oak_pressure_plate":1,"minecraft:poisonous_potato":1,"minecraft:sand":314,"minecraft:white_bed":5,"minecraft:spider_eye":4,"minecraft:diamond":12,"minecraft:stone_axe":1,"minecraft:iron_helmet":1,"minecraft:cracked_polished_blackstone_bricks":2,"minecraft:bone_meal":5,"minecraft:bread":12,"minecraft:baked_potato":26,"minecraft:oak_sapling":6,"minecraft:netherrack":2,"minecraft:coal":9},"minecraft:crafted":{"minecraft:oak_planks":112,"minecraft:smooth_stone":5,"minecraft:redstone":9,"minecraft:cooked_chicken":5,"minecraft:furnace":2,"minecraft:stone_button":1,"minecraft:blast_furnace":1,"minecraft:stone":82,"minecraft:bone_meal":21,"minecraft:cooked_mutton":9,"minecraft:oak_trapdoor":4,"minecraft:glass":19,"minecraft:iron_axe":1,"minecraft:stone_pickaxe":1,"minecraft:chest":1,"minecraft:redstone_block":15,"minecraft:rail":16,"minecraft:stone_hoe":1,"minecraft:stone_bricks":76,"minecraft:minecart":2,"minecraft:cooked_beef":4,"minecraft:crimson_planks":8,"minecraft:crafting_table":2,"minecraft:iron_helmet":1,"minecraft:wooden_pickaxe":1,"minecraft:powered_rail":6,"minecraft:baked_potato":26,"minecraft:iron_sword":1,"minecraft:bucket":2,"minecraft:stone_axe":1,"minecraft:bread":6,"minecraft:air":0,"minecraft:dispenser":1,"minecraft:oak_boat":2,"minecraft:charcoal":2,"minecraft:shield":1,"minecraft:stick":24,"minecraft:iron_ingot":107,"minecraft:iron_pickaxe":3,"minecraft:wooden_axe":1,"minecraft:iron_leggings":1,"minecraft:iron_shovel":4,"minecraft:gold_ingot":10,"minecraft:white_bed":1,"minecraft:redstone_torch":1,"minecraft:torch":8},"minecraft:broken":{"minecraft:iron_shovel":3},"minecraft:custom":{"minecraft:mob_kills":47,"minecraft:interact_with_crafting_table":53,"minecraft:leave_game":2,"minecraft:time_since_death":0,"minecraft:sprint_one_cm":565501,"minecraft:walk_one_cm":284389,"minecraft:damage_blocked_by_shield":959,"minecraft:drop":19,"minecraft:talked_to_villager":5,"minecraft:play_time":160694,"minecraft:deaths":2,"minecraft:sneak_time":15303,"minecraft:walk_under_water_one_cm":3133,"minecraft:boat_one_cm":16341,"minecraft:jump":2679,"minecraft:interact_with_blast_furnace":23,"minecraft:walk_on_water_one_cm":15686,"minecraft:total_world_time":160694,"minecraft:interact_with_furnace":103,"minecraft:sleep_in_bed":5,"minecraft:time_since_rest":58,"minecraft:damage_taken":1750,"minecraft:damage_dealt":8187,"minecraft:swim_one_cm":18450,"minecraft:fly_one_cm":589253,"minecraft:open_chest":84,"minecraft:crouch_one_cm":61101,"minecraft:fall_one_cm":58441,"minecraft:inspect_dispenser":1},"minecraft:mined":{"minecraft:nether_gold_ore":4,"minecraft:tuff":2,"minecraft:white_bed":5,"minecraft:deepslate_diamond_ore":13,"minecraft:grass_block":644,"minecraft:cracked_polished_blackstone_bricks":2,"minecraft:redstone_wire":1,"minecraft:oak_pressure_plate":1,"minecraft:composter":6,"minecraft:oxeye_daisy":1,"minecraft:crimson_stem":2,"minecraft:polished_blackstone_bricks":2,"minecraft:redstone_ore":7,"minecraft:oak_trapdoor":1,"minecraft:furnace":5,"minecraft:carrots":34,"minecraft:iron_ore":84,"minecraft:fire":3,"minecraft:potatoes":20,"minecraft:deepslate_iron_ore":20,"minecraft:dirt_path":33,"minecraft:rail":38,"minecraft:oak_stairs":2,"minecraft:stone":143,"minecraft:deepslate_redstone_ore":23,"minecraft:basalt":1,"minecraft:dandelion":1,"minecraft:oak_fence":1,"minecraft:crafting_table":11,"minecraft:short_grass":163,"minecraft:chest":3,"minecraft:nether_quartz_ore":30,"minecraft:cobblestone":117,"minecraft:lapis_ore":4,"minecraft:deepslate_gold_ore":3,"minecraft:sugar_cane":4,"minecraft:wheat":24,"minecraft:yellow_bed":3,"minecraft:oak_log":47,"minecraft:coal_ore":9,"minecraft:sand":210,"minecraft:dirt":80,"minecraft:stone_bricks":4,"minecraft:netherrack":2,"minecraft:gold_ore":6,"minecraft:oak_leaves":9,"minecraft:deepslate":24},"minecraft:killed":{"minecraft:spider":4,"minecraft:skeleton":11,"minecraft:chicken":6,"minecraft:creeper":4,"minecraft:sheep":7,"minecraft:zombie":13,"minecraft:cow":2},"minecraft:used":{"minecraft:oak_trapdoor":4,"minecraft:iron_shovel":1014,"minecraft:flint_and_steel":1,"minecraft:dispenser":1,"minecraft:redstone":1,"minecraft:chest":4,"minecraft:shield":31,"minecraft:iron_sword":69,"minecraft:cooked_chicken":5,"minecraft:stone_hoe":36,"minecraft:rotten_flesh":1,"minecraft:netherrack":1,"minecraft:torch":8,"minecraft:dirt":733,"minecraft:wheat":1,"minecraft:carrot":37,"minecraft:tuff":2,"minecraft:glass":19,"minecraft:wooden_axe":22,"minecraft:lava_bucket":8,"minecraft:iron_axe":41,"minecraft:crimson_planks":7,"minecraft:stone_bricks":80,"minecraft:furnace":6,"minecraft:minecart":2,"minecraft:egg":1,"minecraft:potato":11,"minecraft:cooked_beef":4,"minecraft:cobbled_deepslate":20,"minecraft:wheat_seeds":100,"minecraft:cooked_mutton":9,"minecraft:water_bucket":14,"minecraft:stone_pickaxe":97,"minecraft:powered_rail":2,"minecraft:wooden_pickaxe":5,"minecraft:composter":2,"minecraft:polished_blackstone_bricks":2,"minecraft:rail":42,"minecraft:sand":2,"minecraft:crafting_table":12,"minecraft:blast_furnace":1,"minecraft:white_bed":6,"minecraft:redstone_torch":1,"minecraft:oak_log":15,"minecraft:cracked_polished_blackstone_bricks":2,"minecraft:chicken":1,"minecraft:iron_pickaxe":471,"minecraft:bread":15,"minecraft:stone_button":1,"minecraft:stone_axe":82,"minecraft:cobblestone":155,"minecraft:bucket":26,"minecraft:yellow_bed":3,"minecraft:oak_boat":3,"minecraft:bone_meal":23}},"DataVersion":3839}